Model,Accuracy,Precision,Recall,F1 Score
Random Forest,0.9847775175644028,0.9796296296296296,0.9962335216572504,0.9878618113912232
Decision Tree,0.977751756440281,0.9705882352941176,0.9943502824858758,0.9823255813953489
Logistic Regression,0.9227166276346604,0.926605504587156,0.9510357815442562,0.9386617100371747
