Model,Accuracy,Precision,Recall,F1 Score
Random Forest,0.9812646370023419,0.9831144465290806,0.9868173258003766,0.9849624060150376
Decision Tree,0.9789227166276346,0.9830508474576272,0.9830508474576272,0.9830508474576272
Logistic Regression,0.914519906323185,0.9209558823529411,0.943502824858757,0.932093023255814
